{"cameraMode":{"drawMode":0,"name":"Shaded","section":"Shading Mode"},"sceneLighting":true,"audioPlay":false,"sceneViewState":{"showFog":true,"showMaterialUpdate":false,"showSkybox":true,"showFlares":true,"showImageEffects":true,"showParticleSystems":true},"in2DMode":false,"pivot":{"x":0.0,"y":-1.0360865592956544,"z":-9.965322494506836},"rotation":{"x":-0.22803832590579987,"y":0.6953845620155335,"z":-0.25014591217041018,"w":-0.6339288949966431},"size":23.334531784057618,"orthographic":false}